<?xml version="1.0" encoding="UTF-8"?>
<l:dependencies xmlns:l='licenses' groupId='org.jenkins-ci.plugins' artifactId='email-ext' version='2.77'><l:dependency name='Email Extension Plugin' groupId='org.jenkins-ci.plugins' artifactId='email-ext' version='2.77' url='https://github.com/jenkinsci/email-ext-plugin'><l:description>Allows to configure every aspect of email notifications: when an email is sent, who should receive it and what the email says</l:description><l:license name='The MIT License (MIT)' url='https://opensource.org/licenses/MIT'/></l:dependency><l:dependency name='SnakeYAML' groupId='org.yaml' artifactId='snakeyaml' version='1.24' url='http://www.snakeyaml.org'><l:description>YAML 1.1 parser and emitter for Java</l:description><l:license name='Apache License, Version 2.0' url='http://www.apache.org/licenses/LICENSE-2.0.txt'/></l:dependency><l:dependency name='Jackson-core' groupId='com.fasterxml.jackson.core' artifactId='jackson-core' version='2.10.2' url='https://github.com/FasterXML/jackson-core'><l:description>Core Jackson processing abstractions (aka Streaming API), implementation for JSON</l:description><l:license name='The Apache Software License, Version 2.0' url='http://www.apache.org/licenses/LICENSE-2.0.txt'/></l:dependency><l:dependency name='Jackson-annotations' groupId='com.fasterxml.jackson.core' artifactId='jackson-annotations' version='2.10.2' url='http://github.com/FasterXML/jackson'><l:description>Core annotations used for value types, used by Jackson data binding package.</l:description><l:license name='The Apache Software License, Version 2.0' url='http://www.apache.org/licenses/LICENSE-2.0.txt'/></l:dependency><l:dependency name='Jackson-dataformat-YAML' groupId='com.fasterxml.jackson.dataformat' artifactId='jackson-dataformat-yaml' version='2.10.2' url='https://github.com/FasterXML/jackson-dataformats-text'><l:description>Support for reading and writing YAML-encoded data via Jackson abstractions.</l:description><l:license name='The Apache Software License, Version 2.0' url='http://www.apache.org/licenses/LICENSE-2.0.txt'/></l:dependency><l:dependency name='jsoup Java HTML Parser' groupId='org.jsoup' artifactId='jsoup' version='1.11.3' url='https://jsoup.org/'><l:description>jsoup is a Java library for working with real-world HTML. It provides a very convenient API for extracting and manipulating data, using the best of DOM, CSS, and jquery-like methods. jsoup implements the WHATWG HTML5 specification, and parses HTML to the same DOM as modern browsers do.</l:description><l:license name='The MIT License' url='https://jsoup.org/license'/></l:dependency><l:dependency name='jackson-databind' groupId='com.fasterxml.jackson.core' artifactId='jackson-databind' version='2.10.2' url='http://github.com/FasterXML/jackson'><l:description>General data-binding functionality for Jackson: works on core streaming API</l:description><l:license name='The Apache Software License, Version 2.0' url='http://www.apache.org/licenses/LICENSE-2.0.txt'/></l:dependency><l:dependency name='Jericho HTML Parser' groupId='net.htmlparser.jericho' artifactId='jericho-html' version='3.3' url='http://jericho.htmlparser.net'><l:description>Jericho HTML Parser is a java library allowing analysis and manipulation of parts of an HTML document, including server-side tags, while reproducing verbatim any unrecognised or invalid HTML.</l:description><l:license name='GNU Lesser General Public License (LGPL)' url='http://www.gnu.org/licenses/lgpl.txt'/><l:license name='Eclipse Public License (EPL)' url='http://www.eclipse.org/legal/epl-v10.html'/></l:dependency></l:dependencies>