<?xml version="1.0" encoding="UTF-8"?>
<l:dependencies xmlns:l='licenses' groupId='io.jenkins.blueocean' artifactId='blueocean-rest' version='1.24.1'><l:dependency name='REST API for Blue Ocean' groupId='io.jenkins.blueocean' artifactId='blueocean-rest' version='1.24.1' url='https://github.com/jenkinsci/blueocean-plugin/blob/master/blueocean/doc/BlueOcean.adoc'><l:description>The Jenkins Plugins Parent POM Project</l:description><l:license name='MIT License' url='https://opensource.org/licenses/MIT'/></l:dependency><l:dependency name='BlueOcean Capability Annotation' groupId='io.jenkins.blueocean.rest.annotation' artifactId='capability-annotation' version='1.2' url=''><l:description/><l:license name='MIT License' url='http://jenkins-ci.org/mit-license'/></l:dependency></l:dependencies>