<?xml version="1.0" encoding="UTF-8"?>
<l:dependencies xmlns:l='licenses' groupId='org.jenkins-ci.plugins.pipeline-stage-view' artifactId='pipeline-rest-api' version='2.18'><l:dependency name='Pipeline: REST API Plugin' groupId='org.jenkins-ci.plugins.pipeline-stage-view' artifactId='pipeline-rest-api' version='2.18' url='https://github.com/jenkinsci/pipeline-stage-view-plugin'><l:description>Provides a REST API to access pipeline and pipeline run data</l:description><l:license name='MIT License' url='https://opensource.org/licenses/MIT'/></l:dependency><l:dependency name='Script Security Plugin' groupId='org.jenkins-ci.plugins' artifactId='script-security' version='1.26' url='https://wiki.jenkins-ci.org/display/JENKINS/Script+Security+Plugin'><l:description>Allows Jenkins administrators to control what in-process scripts can be run by less-privileged users.</l:description><l:license name='MIT License' url='http://opensource.org/licenses/MIT'/></l:dependency><l:dependency name='Groovy Sandbox' groupId='org.kohsuke' artifactId='groovy-sandbox' version='1.10' url='http://kohsuke.org/groovy-sandbox/'><l:description>Executes untrusted Groovy script safely</l:description><l:license name='MIT license' url='http://www.opensource.org/licenses/mit-license.php'/></l:dependency></l:dependencies>