<?xml version="1.0" encoding="UTF-8"?>
<l:dependencies xmlns:l='licenses' groupId='io.jenkins.blueocean' artifactId='blueocean-bitbucket-pipeline' version='1.24.1'><l:dependency name='Bitbucket Pipeline for Blue Ocean' groupId='io.jenkins.blueocean' artifactId='blueocean-bitbucket-pipeline' version='1.24.1' url='https://github.com/jenkinsci/blueocean-plugin/blob/master/blueocean/doc/BlueOcean.adoc'><l:description>The Jenkins Plugins Parent POM Project</l:description><l:license name='MIT License' url='https://opensource.org/licenses/MIT'/></l:dependency><l:dependency name='Token Macro Plugin' groupId='org.jenkins-ci.plugins' artifactId='token-macro' version='2.12' url='https://github.com/jenkinsci/token-macro-plugin'><l:description>This plugin adds reusable macro expansion capability for other plugins to use.</l:description><l:license name='The MIT License (MIT)' url='http://opensource.org/licenses/MIT'/></l:dependency><l:dependency name='REST API for Blue Ocean' groupId='io.jenkins.blueocean' artifactId='blueocean-rest' version='1.24.1' url='https://github.com/jenkinsci/blueocean-plugin/blob/master/blueocean/doc/BlueOcean.adoc'><l:description>The Jenkins Plugins Parent POM Project</l:description><l:license name='MIT License' url='https://opensource.org/licenses/MIT'/></l:dependency><l:dependency name='Maven Artifact' groupId='org.apache.maven' artifactId='maven-artifact' version='3.5.0' url='https://maven.apache.org/ref/3.5.0/maven-artifact/'><l:description>Maven is a software build management and
    comprehension tool. Based on the concept of a project object model:
    builds, dependency management, documentation creation, site
    publication, and distribution publication are all controlled from
    the declarative file. Maven can be extended by plugins to utilise a
    number of other development tools for reporting or the build
    process.</l:description><l:license name='Apache License, Version 2.0' url='http://www.apache.org/licenses/LICENSE-2.0.txt'/></l:dependency><l:dependency name='Folders Plugin' groupId='org.jenkins-ci.plugins' artifactId='cloudbees-folder' version='6.9' url='https://wiki.jenkins.io/display/JENKINS/CloudBees+Folders+Plugin'><l:description>This plugin allows users to create "folders" to organize jobs. Users can define custom taxonomies (like
    by project type, organization type etc). Folders are nestable and you can define views within folders. Maintained by CloudBees, Inc.</l:description><l:license name='MIT' url='https://opensource.org/licenses/MIT'/></l:dependency><l:dependency name='Plexus Common Utilities' groupId='org.codehaus.plexus' artifactId='plexus-utils' version='3.0.24' url='http://codehaus-plexus.github.io/plexus-utils/'><l:description>A collection of various utility classes to ease working with strings, files, command lines, XML and
    more.</l:description><l:license name='Apache License, Version 2.0' url='http://www.apache.org/licenses/LICENSE-2.0.txt'/></l:dependency><l:dependency name='JWT for Blue Ocean' groupId='io.jenkins.blueocean' artifactId='blueocean-jwt' version='1.24.1' url='https://github.com/jenkinsci/blueocean-plugin/blob/master/blueocean/doc/BlueOcean.adoc'><l:description>The Jenkins Plugins Parent POM Project</l:description><l:license name='MIT License' url='https://opensource.org/licenses/MIT'/></l:dependency><l:dependency name='Jenkins Design Language' groupId='io.jenkins.blueocean' artifactId='jenkins-design-language' version='1.24.1' url='https://github.com/jenkinsci/blueocean-plugin/blob/master/jenkins-design-language/README.md'><l:description>The Jenkins Plugins Parent POM Project</l:description><l:license name='MIT License' url='https://opensource.org/licenses/MIT'/></l:dependency><l:dependency name='ua-parser' groupId='ua_parser' artifactId='ua-parser' version='1.3.0' url='https://github.com/tobie/ua-parser/'><l:description/></l:dependency><l:dependency name='Apache Commons Codec' groupId='commons-codec' artifactId='commons-codec' version='1.10' url='http://commons.apache.org/proper/commons-codec/'><l:description>The Apache Commons Codec package contains simple encoder and decoders for
     various formats such as Base64 and Hexadecimal.  In addition to these
     widely used encoders and decoders, the codec package also maintains a
     collection of phonetic encoding utilities.</l:description><l:license name='Apache License, Version 2.0' url='http://www.apache.org/licenses/LICENSE-2.0.txt'/></l:dependency><l:dependency name='Joda-Time' groupId='joda-time' artifactId='joda-time' version='2.9.9' url='http://www.joda.org/joda-time/'><l:description>Date and time library to replace JDK date handling</l:description><l:license name='Apache 2' url='http://www.apache.org/licenses/LICENSE-2.0.txt'/></l:dependency><l:dependency name='JUnit Plugin' groupId='org.jenkins-ci.plugins' artifactId='junit' version='1.29' url='https://github.com/jenkinsci/junit-plugin'><l:description>Allows JUnit-format test results to be published.</l:description><l:license name='MIT' url='http://opensource.org/licenses/MIT'/></l:dependency><l:dependency name='jose4j' groupId='org.bitbucket.b_c' artifactId='jose4j' version='0.6.0' url='https://bitbucket.org/b_c/jose4j/'><l:description>The jose.4.j library is a robust and easy to use open source implementation of JSON Web Token (JWT) and the JOSE specification suite (JWS, JWE, and JWK).
     It is written in Java and relies solely on the JCA APIs for cryptography.
     Please see https://bitbucket.org/b_c/jose4j/wiki/Home for more info, examples, etc..</l:description><l:license name='The Apache Software License, Version 2.0' url='http://www.apache.org/licenses/LICENSE-2.0.txt'/></l:dependency><l:dependency name='project &apos;:json-path&apos;' groupId='com.jayway.jsonpath' artifactId='json-path' version='2.4.0' url='https://github.com/jayway/JsonPath'><l:description>Java port of Stefan Goessner JsonPath.</l:description><l:license name='The Apache Software License, Version 2.0' url='http://www.apache.org/licenses/LICENSE-2.0.txt'/></l:dependency><l:dependency name='parboiled-core' groupId='org.parboiled' artifactId='parboiled-core' version='1.1.8' url='http://parboiled.org'><l:description>Elegant parsing in Java and Scala - lightweight, easy-to-use, powerful</l:description><l:license name='Apache 2' url='http://www.apache.org/licenses/LICENSE-2.0.txt'/></l:dependency><l:dependency name='Jenkins Mailer Plugin' groupId='org.jenkins-ci.plugins' artifactId='mailer' version='1.32' url='https://github.com/jenkinsci/mailer-plugin'><l:description>This plugin allows you to configure email notifications for build results</l:description><l:license name='The MIT license' url='http://opensource.org/licenses/MIT'/></l:dependency><l:dependency name='SLF4J JDK14 Binding' groupId='org.slf4j' artifactId='slf4j-jdk14' version='1.7.25' url='http://www.slf4j.org'><l:description>SLF4J JDK14 Binding</l:description><l:license name='MIT License' url='http://www.opensource.org/licenses/mit-license.php'/></l:dependency><l:dependency name='Blue Ocean Core JS' groupId='io.jenkins.blueocean' artifactId='blueocean-core-js' version='1.24.1' url='https://github.com/jenkinsci/blueocean-plugin/blob/master/blueocean/doc/BlueOcean.adoc'><l:description>The Jenkins Plugins Parent POM Project</l:description><l:license name='MIT License' url='https://opensource.org/licenses/MIT'/></l:dependency><l:dependency name='oro' groupId='oro' artifactId='oro' version='2.0.8' url=''><l:description/></l:dependency><l:dependency name='Common API for Blue Ocean' groupId='io.jenkins.blueocean' artifactId='blueocean-commons' version='1.24.1' url='https://github.com/jenkinsci/blueocean-plugin/blob/master/blueocean/doc/BlueOcean.adoc'><l:description>The Jenkins Plugins Parent POM Project</l:description><l:license name='MIT License' url='https://opensource.org/licenses/MIT'/></l:dependency><l:dependency name='JSON Small and Fast Parser' groupId='net.minidev' artifactId='json-smart' version='2.3' url='http://www.minidev.net/'><l:description>JSON (JavaScript Object Notation) is a lightweight data-interchange format. It is easy for humans to read and write. It is easy for machines to parse and generate. It is based on a subset of the JavaScript Programming Language, Standard ECMA-262 3rd Edition - December 1999. JSON is a text format that is completely language independent but uses conventions that are familiar to programmers of the C-family of languages, including C, C++, C#, Java, JavaScript, Perl, Python, and many others. These properties make JSON an ideal data-interchange language.</l:description><l:license name='The Apache Software License, Version 2.0' url='http://www.apache.org/licenses/LICENSE-2.0.txt'/></l:dependency><l:dependency name='ASM based accessors helper used by json-smart' groupId='net.minidev' artifactId='accessors-smart' version='1.2' url='http://www.minidev.net/'><l:description>Java reflect give poor performance on getter setter an constructor calls, accessors-smart use ASM to speed up those calls.</l:description><l:license name='The Apache Software License, Version 2.0' url='http://www.apache.org/licenses/LICENSE-2.0.txt'/></l:dependency><l:dependency name='Variant Plugin' groupId='org.jenkins-ci.plugins' artifactId='variant' version='1.1' url='https://wiki.jenkins-ci.org/display/JENKINS/Variant+Plugin'><l:description>This user-invisible library plugin allows other multi-modal plugins to behave differently depending on where they run.</l:description><l:license name='MIT License' url='http://opensource.org/licenses/MIT'/></l:dependency><l:dependency name='SnakeYAML' groupId='org.yaml' artifactId='snakeyaml' version='1.10' url='http://www.snakeyaml.org'><l:description>YAML 1.1 parser and emitter for Java</l:description><l:license name='Apache License Version 2.0' url='LICENSE.txt'/></l:dependency><l:dependency name='Keen IO API in Java' groupId='io.keen' artifactId='keen-client-api-java' version='5.2.0' url='www.keen.io'><l:description>Java Client API for Keen IO</l:description><l:license name='The Apache Software License, Version 2.0' url='http://www.apache.org/licenses/LICENSE-2.0.txt'/></l:dependency><l:dependency name='JSON in Java' groupId='org.json' artifactId='json' version='20160212' url='https://github.com/douglascrockford/JSON-java'><l:description>JSON is a light-weight, language independent, data interchange format.
		See http://www.JSON.org/

		The files in this package implement JSON encoders/decoders in Java.
		It also includes the capability to convert between JSON and XML, HTTP
		headers, Cookies, and CDL.

		This is a reference implementation. There is a large number of JSON packages
		in Java. Perhaps someday the Java community will standardize on one. Until
		then, choose carefully.

		The license includes this restriction: "The software shall be used for good,
		not evil." If your conscience cannot live with that, then choose a different
		package.</l:description><l:license name='The JSON License' url='http://json.org/license.html'/></l:dependency><l:dependency name='Keen IO Java Core Library' groupId='io.keen' artifactId='keen-client-java-core' version='5.2.0' url='www.keen.io'><l:description>Java Client Core Library for Keen IO</l:description><l:license name='The Apache Software License, Version 2.0' url='http://www.apache.org/licenses/LICENSE-2.0.txt'/></l:dependency><l:dependency name='Apache Commons Lang' groupId='org.apache.commons' artifactId='commons-lang3' version='3.9' url='http://commons.apache.org/proper/commons-lang/'><l:description>Apache Commons Lang, a package of Java utility classes for the
  classes that are in java.lang's hierarchy, or are considered to be so
  standard as to justify existence in java.lang.</l:description><l:license name='Apache License, Version 2.0' url='https://www.apache.org/licenses/LICENSE-2.0.txt'/></l:dependency><l:dependency name='Favorite' groupId='org.jvnet.hudson.plugins' artifactId='favorite' version='2.3.1' url='http://wiki.jenkins-ci.org/display/JENKINS/Favorite+Plugin'><l:description>The Jenkins Plugins Parent POM Project</l:description></l:dependency><l:dependency name='BlueOcean Capability Annotation' groupId='io.jenkins.blueocean.rest.annotation' artifactId='capability-annotation' version='1.2' url=''><l:description/><l:license name='MIT License' url='http://jenkins-ci.org/mit-license'/></l:dependency><l:dependency name='parboiled-java' groupId='org.parboiled' artifactId='parboiled-java' version='1.1.8' url='http://parboiled.org'><l:description>Elegant parsing in Java and Scala - lightweight, easy-to-use, powerful</l:description><l:license name='Apache 2' url='http://www.apache.org/licenses/LICENSE-2.0.txt'/></l:dependency><l:dependency name='Web for Blue Ocean' groupId='io.jenkins.blueocean' artifactId='blueocean-web' version='1.24.1' url='https://github.com/jenkinsci/blueocean-plugin/blob/master/blueocean/doc/BlueOcean.adoc'><l:description>The Jenkins Plugins Parent POM Project</l:description><l:license name='MIT License' url='https://opensource.org/licenses/MIT'/></l:dependency></l:dependencies>