<?xml version="1.0" encoding="UTF-8"?>
<l:dependencies xmlns:l='licenses' groupId='org.jenkins-ci.main' artifactId='maven-plugin' version='3.8'><l:dependency name='Maven Integration plugin' groupId='org.jenkins-ci.main' artifactId='maven-plugin' version='3.8' url='https://github.com/jenkinsci/maven-plugin'><l:description>This plug-in provides, for better and for worse, a deep integration of Jenkins and Maven: Automatic triggers between projects depending on SNAPSHOTs, automated configuration of various Jenkins publishers (Junit, ...).</l:description><l:license name='MIT License' url='https://opensource.org/licenses/MIT'/></l:dependency><l:dependency name='Maven Artifact Resolver Connector Basic' groupId='org.apache.maven.resolver' artifactId='maven-resolver-connector-basic' version='1.1.1' url='https://maven.apache.org/resolver/maven-resolver-connector-basic/'><l:description>A repository connector implementation for repositories using URI-based layouts.</l:description><l:license name='Apache License, Version 2.0' url='https://www.apache.org/licenses/LICENSE-2.0.txt'/></l:dependency><l:dependency name='Apache Maven Wagon :: API' groupId='org.apache.maven.wagon' artifactId='wagon-provider-api' version='3.3.2' url='https://maven.apache.org/wagon/wagon-provider-api'><l:description>Maven Wagon API that defines the contract between different Wagon implementations</l:description><l:license name='Apache License, Version 2.0' url='https://www.apache.org/licenses/LICENSE-2.0.txt'/></l:dependency><l:dependency name='org.eclipse.sisu.inject' groupId='org.eclipse.sisu' artifactId='org.eclipse.sisu.inject' version='0.3.3' url='http://www.eclipse.org/sisu/org.eclipse.sisu.inject/'><l:description>JSR330-based container; supports classpath scanning, auto-binding, and dynamic auto-wiring</l:description><l:license name='Eclipse Public License, Version 1.0' url='http://www.eclipse.org/legal/epl-v10.html'/></l:dependency><l:dependency name='a library to use jsch-agent-proxy with JSch' groupId='com.jcraft' artifactId='jsch.agentproxy.jsch' version='0.0.9' url='http://www.jcraft.com/jsch-agent-proxy/jsch.agentproxy.jsch/'><l:description>a proxy to ssh-agent and Pageant in Java</l:description><l:license name='Revised BSD' url='http://www.jcraft.com/jsch-agent-proxy/LICENSE.txt'/></l:dependency><l:dependency name='Apache Maven Wagon :: Providers :: SSH Provider' groupId='org.apache.maven.wagon' artifactId='wagon-ssh' version='3.3.2' url='https://maven.apache.org/wagon/wagon-providers/wagon-ssh'><l:description>Tools to manage artifacts and deployment</l:description><l:license name='Apache License, Version 2.0' url='https://www.apache.org/licenses/LICENSE-2.0.txt'/></l:dependency><l:dependency name='Maven Repository Metadata Model' groupId='org.apache.maven' artifactId='maven-repository-metadata' version='3.5.4' url='https://maven.apache.org/ref/3.5.4/maven-repository-metadata/'><l:description>Per-directory local and remote repository metadata.</l:description><l:license name='Apache License, Version 2.0' url='https://www.apache.org/licenses/LICENSE-2.0.txt'/></l:dependency><l:dependency name='Maven Builder Support' groupId='org.apache.maven' artifactId='maven-builder-support' version='3.5.4' url='https://maven.apache.org/ref/3.5.4/maven-builder-support/'><l:description>Support for descriptor builders (model, setting, toolchains)</l:description><l:license name='Apache License, Version 2.0' url='https://www.apache.org/licenses/LICENSE-2.0.txt'/></l:dependency><l:dependency name='Hudson Maven Artifact Manager' groupId='org.jenkins-ci.lib' artifactId='lib-jenkins-maven-artifact-manager' version='1.2' url='https://hudson.dev.java.net/lib/lib-jenkins-maven-artifact-manager/'><l:description>hackhish version of artifact manager to continue support uniqueVersion = false with maven2 builds</l:description><l:license name='The Apache Software License, Version 2.0' url='http://www.apache.org/licenses/LICENSE-2.0.txt'/></l:dependency><l:dependency name='Jenkins Maven3 Interceptor Commons' groupId='org.jenkins-ci.main.maven' artifactId='maven3-interceptor-commons' version='1.13' url='https://jenkins.io/maven-modules/maven3-interceptor-commons/'><l:description/><l:license name='The MIT license' url='http://www.opensource.org/licenses/mit-license.php'/></l:dependency><l:dependency name='Maven Reporting API' groupId='org.apache.maven.reporting' artifactId='maven-reporting-api' version='3.0' url='http://maven.apache.org/shared/maven-reporting-api/'><l:description>API to manage report generation.</l:description><l:license name='The Apache Software License, Version 2.0' url='http://www.apache.org/licenses/LICENSE-2.0.txt'/></l:dependency><l:dependency name='Jackrabbit WebDAV Library' groupId='org.apache.jackrabbit' artifactId='jackrabbit-webdav' version='2.14.4' url='http://jackrabbit.apache.org/jackrabbit-webdav/'><l:description>Generic WebDAV Library</l:description><l:license name='The Apache Software License, Version 2.0' url='http://www.apache.org/licenses/LICENSE-2.0.txt'/></l:dependency><l:dependency name='Maven Model Builder' groupId='org.apache.maven' artifactId='maven-model-builder' version='3.5.4' url='https://maven.apache.org/ref/3.5.4/maven-model-builder/'><l:description>The effective model builder, with inheritance, profile activation, interpolation, ...</l:description><l:license name='Apache License, Version 2.0' url='https://www.apache.org/licenses/LICENSE-2.0.txt'/></l:dependency><l:dependency name='CDI APIs' groupId='javax.enterprise' artifactId='cdi-api' version='1.0' url='http://www.seamframework.org/Weld/cdi-api'><l:description>APIs for JSR-299: Contexts and Dependency Injection for Java EE</l:description><l:license name='Apache License, Version 2.0' url='http://www.apache.org/licenses/LICENSE-2.0'/></l:dependency><l:dependency name='SLF4J API Module' groupId='org.slf4j' artifactId='slf4j-api' version='1.7.26' url='http://www.slf4j.org'><l:description>The slf4j API</l:description><l:license name='MIT License' url='http://www.opensource.org/licenses/mit-license.php'/></l:dependency><l:dependency name='Jenkins Maven 2 PluginManager interceptor' groupId='org.jenkins-ci.main.maven' artifactId='maven-interceptor' version='1.13' url='https://jenkins.io/maven-modules/maven-interceptor/'><l:description>Plexus module that intercepts invocations of key Maven components
    so that Jenkins can monitor what's going on in Maven.</l:description><l:license name='The MIT license' url='http://www.opensource.org/licenses/mit-license.php'/></l:dependency><l:dependency name='Maven Artifact Resolver API' groupId='org.apache.maven.resolver' artifactId='maven-resolver-api' version='1.1.1' url='https://maven.apache.org/resolver/maven-resolver-api/'><l:description>The application programming interface for the repository system.</l:description><l:license name='Apache License, Version 2.0' url='https://www.apache.org/licenses/LICENSE-2.0.txt'/></l:dependency><l:dependency name='Apache Maven Wagon :: Providers :: HTTP Provider' groupId='org.apache.maven.wagon' artifactId='wagon-http' version='3.3.2' url='https://maven.apache.org/wagon/wagon-providers/wagon-http'><l:description>Wagon provider that gets and puts artifacts through HTTP(S) using Apache HttpClient-4.x.</l:description><l:license name='Apache License, Version 2.0' url='https://www.apache.org/licenses/LICENSE-2.0.txt'/></l:dependency><l:dependency name='JSR-250 Common Annotations for the JavaTM Platform' groupId='javax.annotation' artifactId='jsr250-api' version='1.0' url='http://jcp.org/aboutJava/communityprocess/final/jsr250/index.html'><l:description>JSR-250 Reference Implementation by Glassfish</l:description><l:license name='COMMON DEVELOPMENT AND DISTRIBUTION LICENSE (CDDL) Version 1.0' url='https://glassfish.dev.java.net/public/CDDLv1.0.html'/></l:dependency><l:dependency name='Maven Model' groupId='org.apache.maven' artifactId='maven-model' version='3.5.4' url='https://maven.apache.org/ref/3.5.4/maven-model/'><l:description>Model for Maven POM (Project Object Model)</l:description><l:license name='Apache License, Version 2.0' url='https://www.apache.org/licenses/LICENSE-2.0.txt'/></l:dependency><l:dependency name='an implementation of USocketFactory using netcat' groupId='com.jcraft' artifactId='jsch.agentproxy.usocket-nc' version='0.0.9' url='http://www.jcraft.com/jsch-agent-proxy/jsch.agentproxy.usocket-nc/'><l:description>a proxy to ssh-agent and Pageant in Java</l:description><l:license name='Revised BSD' url='http://www.jcraft.com/jsch-agent-proxy/LICENSE.txt'/></l:dependency><l:dependency name='Plexus Common Utilities' groupId='org.codehaus.plexus' artifactId='plexus-utils' version='3.1.0' url='http://codehaus-plexus.github.io/plexus-utils/'><l:description>A collection of various utility classes to ease working with strings, files, command lines, XML and
    more.</l:description><l:license name='Apache License, Version 2.0' url='http://www.apache.org/licenses/LICENSE-2.0.txt'/></l:dependency><l:dependency name='Jenkins Maven3.5.x Interceptor' groupId='org.jenkins-ci.main.maven' artifactId='maven35-interceptor' version='1.13' url='https://jenkins.io/maven-modules/maven35-interceptor/'><l:description/><l:license name='The MIT license' url='http://www.opensource.org/licenses/mit-license.php'/></l:dependency><l:dependency name='Jenkins Maven3 CLI Agent' groupId='org.jenkins-ci.main.maven' artifactId='maven3-agent' version='1.13' url='https://jenkins.io/maven-modules/maven3-agent/'><l:description/><l:license name='The MIT license' url='http://www.opensource.org/licenses/mit-license.php'/></l:dependency><l:dependency name='Jenkins Maven3.1.x Interceptor' groupId='org.jenkins-ci.main.maven' artifactId='maven31-interceptor' version='1.13' url='https://jenkins.io/maven-modules/maven31-interceptor/'><l:description/><l:license name='The MIT license' url='http://www.opensource.org/licenses/mit-license.php'/></l:dependency><l:dependency name='Apache Maven Wagon :: Providers :: WebDAV Provider' groupId='org.apache.maven.wagon' artifactId='wagon-webdav-jackrabbit' version='3.3.2' url='https://maven.apache.org/wagon/wagon-providers/wagon-webdav-jackrabbit'><l:description>Wagon provider that gets and puts artifacts through WebDAV protocol</l:description><l:license name='Apache License, Version 2.0' url='https://www.apache.org/licenses/LICENSE-2.0.txt'/></l:dependency><l:dependency name='Jenkins Maven3.5.x CLI Agent' groupId='org.jenkins-ci.main.maven' artifactId='maven35-agent' version='1.13' url='https://jenkins.io/maven-modules/maven35-agent/'><l:description/><l:license name='The MIT license' url='http://www.opensource.org/licenses/mit-license.php'/></l:dependency><l:dependency name='Apache Maven Shared Utils' groupId='org.apache.maven.shared' artifactId='maven-shared-utils' version='3.2.1' url='https://maven.apache.org/shared/maven-shared-utils/'><l:description>Shared utils without any further dependencies</l:description><l:license name='Apache License, Version 2.0' url='https://www.apache.org/licenses/LICENSE-2.0.txt'/></l:dependency><l:dependency name='Apache Commons Net' groupId='commons-net' artifactId='commons-net' version='3.6' url='http://commons.apache.org/proper/commons-net/'><l:description>Apache Commons Net library contains a collection of network utilities and protocol implementations.
Supported protocols include: Echo, Finger, FTP, NNTP, NTP, POP3(S), SMTP(S), Telnet, Whois</l:description><l:license name='Apache License, Version 2.0' url='https://www.apache.org/licenses/LICENSE-2.0.txt'/></l:dependency><l:dependency name='Jenkins Maven3.3.x CLI Agent' groupId='org.jenkins-ci.main.maven' artifactId='maven33-agent' version='1.13' url='https://jenkins.io/maven-modules/maven33-agent/'><l:description/><l:license name='The MIT license' url='http://www.opensource.org/licenses/mit-license.php'/></l:dependency><l:dependency name='Maven Artifact Resolver Utilities' groupId='org.apache.maven.resolver' artifactId='maven-resolver-util' version='1.1.1' url='https://maven.apache.org/resolver/maven-resolver-util/'><l:description>A collection of utility classes to ease usage of the repository system.</l:description><l:license name='Apache License, Version 2.0' url='https://www.apache.org/licenses/LICENSE-2.0.txt'/></l:dependency><l:dependency name='FindBugs-jsr305' groupId='com.google.code.findbugs' artifactId='jsr305' version='1.3.9' url='http://findbugs.sourceforge.net/'><l:description>JSR305 Annotations for Findbugs</l:description><l:license name='The Apache Software License, Version 2.0' url='http://www.apache.org/licenses/LICENSE-2.0.txt'/></l:dependency><l:dependency name='Apache Maven Wagon :: Providers :: FTP Provider' groupId='org.apache.maven.wagon' artifactId='wagon-ftp' version='3.3.2' url='https://maven.apache.org/wagon/wagon-providers/wagon-ftp'><l:description>Wagon provider that gets and puts artifacts from and to remote server using FTP protocol</l:description><l:license name='Apache License, Version 2.0' url='https://www.apache.org/licenses/LICENSE-2.0.txt'/></l:dependency><l:dependency name='maven2.1-interceptor' groupId='org.jvnet.hudson' artifactId='maven2.1-interceptor' version='1.2' url='https://hudson.dev.java.net/extras/maven2.1-interceptor/'><l:description>Plexus component descriptor to override key Maven components in 2.1</l:description></l:dependency><l:dependency name='Jenkins Maven3.1.x CLI Agent' groupId='org.jenkins-ci.main.maven' artifactId='maven31-agent' version='1.13' url='https://jenkins.io/maven-modules/maven31-agent/'><l:description/><l:license name='The MIT license' url='http://www.opensource.org/licenses/mit-license.php'/></l:dependency><l:dependency name='Apache Maven Wagon :: Providers :: HTTP Shared Library' groupId='org.apache.maven.wagon' artifactId='wagon-http-shared' version='3.3.2' url='https://maven.apache.org/wagon/wagon-providers/wagon-http-shared'><l:description>Shared Library for wagon providers supporting HTTP.</l:description><l:license name='Apache License, Version 2.0' url='https://www.apache.org/licenses/LICENSE-2.0.txt'/></l:dependency><l:dependency name='jsoup Java HTML Parser' groupId='org.jsoup' artifactId='jsoup' version='1.11.3' url='https://jsoup.org/'><l:description>jsoup is a Java library for working with real-world HTML. It provides a very convenient API for extracting and manipulating data, using the best of DOM, CSS, and jquery-like methods. jsoup implements the WHATWG HTML5 specification, and parses HTML to the same DOM as modern browsers do.</l:description><l:license name='The MIT License' url='https://jsoup.org/license'/></l:dependency><l:dependency name='javax.inject' groupId='javax.inject' artifactId='javax.inject' version='1' url='http://code.google.com/p/atinject/'><l:description>The javax.inject API</l:description><l:license name='The Apache Software License, Version 2.0' url='http://www.apache.org/licenses/LICENSE-2.0.txt'/></l:dependency><l:dependency name='Maven Core' groupId='org.apache.maven' artifactId='maven-core' version='3.5.4' url='https://maven.apache.org/ref/3.5.4/maven-core/'><l:description>Maven Core classes.</l:description><l:license name='Apache License, Version 2.0' url='https://www.apache.org/licenses/LICENSE-2.0.txt'/></l:dependency><l:dependency name='Maven Artifact Resolver Transport Wagon' groupId='org.apache.maven.resolver' artifactId='maven-resolver-transport-wagon' version='1.1.1' url='https://maven.apache.org/resolver/maven-resolver-transport-wagon/'><l:description>A transport implementation based on Maven Wagon.</l:description><l:license name='Apache License, Version 2.0' url='https://www.apache.org/licenses/LICENSE-2.0.txt'/></l:dependency><l:dependency name='Maven Embedder' groupId='org.apache.maven' artifactId='maven-embedder' version='3.5.4' url='https://maven.apache.org/ref/3.5.4/maven-embedder/'><l:description>Maven embeddable component, with CLI and logging support.</l:description><l:license name='Apache License, Version 2.0' url='https://www.apache.org/licenses/LICENSE-2.0.txt'/></l:dependency><l:dependency name='Apache Maven Wagon :: Providers :: SSH Common Library' groupId='org.apache.maven.wagon' artifactId='wagon-ssh-common' version='3.3.2' url='https://maven.apache.org/wagon/wagon-providers/wagon-ssh-common'><l:description>Tools to manage artifacts and deployment</l:description><l:license name='Apache License, Version 2.0' url='https://www.apache.org/licenses/LICENSE-2.0.txt'/></l:dependency><l:dependency name='Plexus Classworlds' groupId='org.codehaus.plexus' artifactId='plexus-classworlds' version='2.6.0' url='http://codehaus-plexus.github.io/plexus-classworlds/'><l:description>A class loader framework</l:description><l:license name='Apache License, Version 2.0' url='http://www.apache.org/licenses/LICENSE-2.0.txt'/></l:dependency><l:dependency name='Plexus Cipher: encryption/decryption Component' groupId='org.codehaus.plexus' artifactId='plexus-cipher' version='1.8' url='http://codehaus-plexus.github.io/plexus-cipher/'><l:description>The Plexus project provides a full software stack for creating and executing software projects.</l:description><l:license name='Apache License, Version 2.0' url='http://www.apache.org/licenses/LICENSE-2.0.txt'/></l:dependency><l:dependency name='Apache Commons CLI' groupId='commons-cli' artifactId='commons-cli' version='1.4' url='http://commons.apache.org/proper/commons-cli/'><l:description>Apache Commons CLI provides a simple API for presenting, processing and validating a command line interface.</l:description><l:license name='Apache License, Version 2.0' url='https://www.apache.org/licenses/LICENSE-2.0.txt'/></l:dependency><l:dependency name='Java Native Access Platform' groupId='net.java.dev.jna' artifactId='jna-platform' version='4.1.0' url='https://github.com/twall/jna'><l:description>Java Native Access Platform</l:description><l:license name='LGPL, version 2.1' url='http://www.gnu.org/licenses/licenses.html'/><l:license name='ASL, version 2' url='http://www.apache.org/licenses/'/></l:dependency><l:dependency name='JCL 1.2 implemented over SLF4J' groupId='org.slf4j' artifactId='jcl-over-slf4j' version='1.7.26' url='http://www.slf4j.org'><l:description>JCL 1.2 implemented over SLF4J</l:description><l:license name='MIT License' url='http://www.opensource.org/licenses/mit-license.php'/></l:dependency><l:dependency name='Jenkins Maven3.2.x CLI Agent' groupId='org.jenkins-ci.main.maven' artifactId='maven32-agent' version='1.13' url='https://jenkins.io/maven-modules/maven32-agent/'><l:description/><l:license name='The MIT license' url='http://www.opensource.org/licenses/mit-license.php'/></l:dependency><l:dependency name='Maven Artifact' groupId='org.apache.maven' artifactId='maven-artifact' version='3.5.4' url='https://maven.apache.org/ref/3.5.4/maven-artifact/'><l:description>Maven is a software build management and
    comprehension tool. Based on the concept of a project object model:
    builds, dependency management, documentation creation, site
    publication, and distribution publication are all controlled from
    the declarative file. Maven can be extended by plugins to utilise a
    number of other development tools for reporting or the build
    process.</l:description><l:license name='Apache License, Version 2.0' url='https://www.apache.org/licenses/LICENSE-2.0.txt'/></l:dependency><l:dependency name='Maven Compat' groupId='org.apache.maven' artifactId='maven-compat' version='3.5.4' url='https://maven.apache.org/ref/3.5.4/maven-compat/'><l:description>Maven2 classes maintained as compatibility layer.</l:description><l:license name='Apache License, Version 2.0' url='https://www.apache.org/licenses/LICENSE-2.0.txt'/></l:dependency><l:dependency name='Jenkins Maven3 Interceptor' groupId='org.jenkins-ci.main.maven' artifactId='maven3-interceptor' version='1.13' url='https://jenkins.io/maven-modules/maven3-interceptor/'><l:description/><l:license name='The MIT license' url='http://www.opensource.org/licenses/mit-license.php'/></l:dependency><l:dependency name='a connector for Pageant using JNA' groupId='com.jcraft' artifactId='jsch.agentproxy.pageant' version='0.0.9' url='http://www.jcraft.com/jsch-agent-proxy/jsch.agentproxy.pageant/'><l:description>a proxy to ssh-agent and Pageant in Java</l:description><l:license name='Revised BSD' url='http://www.jcraft.com/jsch-agent-proxy/LICENSE.txt'/></l:dependency><l:dependency name='Plexus Default Interactivity Handler' groupId='org.codehaus.plexus' artifactId='plexus-interactivity-api' version='1.0-alpha-6' url=''><l:description/></l:dependency><l:dependency name='Jenkins Maven2 CLI agent' groupId='org.jenkins-ci.main.maven' artifactId='maven-agent' version='1.13' url='https://jenkins.io/maven-modules/maven-agent/'><l:description>Code that boots up Maven2 with Jenkins's remoting support in place.
    Used for the native maven support.</l:description><l:license name='The MIT license' url='http://www.opensource.org/licenses/mit-license.php'/></l:dependency><l:dependency name='Plexus :: Component Annotations' groupId='org.codehaus.plexus' artifactId='plexus-component-annotations' version='1.7.1' url='http://codehaus-plexus.github.io/plexus-containers/plexus-component-annotations/'><l:description>Plexus Component "Java 5" Annotations, to describe plexus components properties in java sources with
    standard annotations instead of javadoc annotations.</l:description><l:license name='Apache License, Version 2.0' url='http://www.apache.org/licenses/LICENSE-2.0.txt'/></l:dependency><l:dependency name='Maven Artifact Resolver Implementation' groupId='org.apache.maven.resolver' artifactId='maven-resolver-impl' version='1.1.1' url='https://maven.apache.org/resolver/maven-resolver-impl/'><l:description>An implementation of the repository system.</l:description><l:license name='Apache License, Version 2.0' url='https://www.apache.org/licenses/LICENSE-2.0.txt'/></l:dependency><l:dependency name='Jenkins Maven3.3.x Interceptor' groupId='org.jenkins-ci.main.maven' artifactId='maven33-interceptor' version='1.13' url='https://jenkins.io/maven-modules/maven33-interceptor/'><l:description/><l:license name='The MIT license' url='http://www.opensource.org/licenses/mit-license.php'/></l:dependency><l:dependency name='Jenkins Maven3.2.x Interceptor' groupId='org.jenkins-ci.main.maven' artifactId='maven32-interceptor' version='1.13' url='https://jenkins.io/maven-modules/maven32-interceptor/'><l:description/><l:license name='The MIT license' url='http://www.opensource.org/licenses/mit-license.php'/></l:dependency><l:dependency name='a connector factory' groupId='com.jcraft' artifactId='jsch.agentproxy.connector-factory' version='0.0.9' url='http://www.jcraft.com/jsch-agent-proxy/jsch.agentproxy.connector-factory/'><l:description>a proxy to ssh-agent and Pageant in Java</l:description><l:license name='Revised BSD' url='http://www.jcraft.com/jsch-agent-proxy/LICENSE.txt'/></l:dependency><l:dependency name='Maven Artifact Resolver Provider' groupId='org.apache.maven' artifactId='maven-resolver-provider' version='3.5.4' url='https://maven.apache.org/ref/3.5.4/maven-resolver-provider/'><l:description>Extensions to Maven Resolver for utilizing Maven POM and repository metadata.</l:description><l:license name='Apache License, Version 2.0' url='https://www.apache.org/licenses/LICENSE-2.0.txt'/></l:dependency><l:dependency name='Plexus Interpolation API' groupId='org.codehaus.plexus' artifactId='plexus-interpolation' version='1.24' url='http://codehaus-plexus.github.io/plexus-interpolation/'><l:description>The Plexus project provides a full software stack for creating and executing software projects.</l:description><l:license name='Apache License, Version 2.0' url='http://www.apache.org/licenses/LICENSE-2.0.txt'/></l:dependency><l:dependency name='Plexus Security Dispatcher Component' groupId='org.sonatype.plexus' artifactId='plexus-sec-dispatcher' version='1.4' url='http://spice.sonatype.org/plexus-sec-dispatcher'><l:description/><l:license name='Apache Public License 2.0' url='http://www.apache.org/licenses/LICENSE-2.0'/></l:dependency><l:dependency name='Apache Commons Lang' groupId='org.apache.commons' artifactId='commons-lang3' version='3.10' url='https://commons.apache.org/proper/commons-lang/'><l:description>Apache Commons Lang, a package of Java utility classes for the
  classes that are in java.lang's hierarchy, or are considered to be so
  standard as to justify existence in java.lang.</l:description><l:license name='Apache License, Version 2.0' url='https://www.apache.org/licenses/LICENSE-2.0.txt'/></l:dependency><l:dependency name='Maven Plugin API' groupId='org.apache.maven' artifactId='maven-plugin-api' version='3.5.4' url='https://maven.apache.org/ref/3.5.4/maven-plugin-api/'><l:description>The API for plugins - Mojos - development.</l:description><l:license name='Apache License, Version 2.0' url='https://www.apache.org/licenses/LICENSE-2.0.txt'/></l:dependency><l:dependency name='org.eclipse.sisu.plexus' groupId='org.eclipse.sisu' artifactId='org.eclipse.sisu.plexus' version='0.3.3' url='http://www.eclipse.org/sisu/org.eclipse.sisu.plexus/'><l:description>Plexus-JSR330 adapter; adds Plexus support to the Sisu-Inject container</l:description><l:license name='Eclipse Public License, Version 1.0' url='http://www.eclipse.org/legal/epl-v10.html'/></l:dependency><l:dependency name='Jenkins Maven Embedder' groupId='org.jenkins-ci.lib' artifactId='lib-jenkins-maven-embedder' version='3.15' url='https://github.com/jenkinsci/pom/lib-jenkins-maven-embedder'><l:description>Library for Jenkins plugins and other components, which allows embedding Maven into their logic</l:description><l:license name='Apache 2' url='http://www.apache.org/licenses/LICENSE-2.0.txt'/></l:dependency><l:dependency name='Apache Maven Wagon :: Providers :: File Provider' groupId='org.apache.maven.wagon' artifactId='wagon-file' version='3.3.2' url='https://maven.apache.org/wagon/wagon-providers/wagon-file'><l:description>Wagon provider that gets and puts artifacts using file system protocol</l:description><l:license name='Apache License, Version 2.0' url='https://www.apache.org/licenses/LICENSE-2.0.txt'/></l:dependency><l:dependency name='jsch-agent-proxy core library' groupId='com.jcraft' artifactId='jsch.agentproxy.core' version='0.0.9' url='http://www.jcraft.com/jsch-agent-proxy/jsch.agentproxy.core/'><l:description>a proxy to ssh-agent and Pageant in Java</l:description><l:license name='Revised BSD' url='http://www.jcraft.com/jsch-agent-proxy/LICENSE.txt'/></l:dependency><l:dependency name='Apache Maven Wagon :: Providers :: SSH External Provider' groupId='org.apache.maven.wagon' artifactId='wagon-ssh-external' version='3.3.2' url='https://maven.apache.org/wagon/wagon-providers/wagon-ssh-external'><l:description>Wagon provider that gets and puts artifacts using SSH protocol with a preinstalled SSH client</l:description><l:license name='Apache License, Version 2.0' url='https://www.apache.org/licenses/LICENSE-2.0.txt'/></l:dependency><l:dependency name='FindBugs-Annotations' groupId='com.google.code.findbugs' artifactId='annotations' version='3.0.1' url='http://findbugs.sourceforge.net/'><l:description>Annotation the FindBugs tool supports</l:description><l:license name='GNU Lesser Public License' url='http://www.gnu.org/licenses/lgpl.html'/></l:dependency><l:dependency name='Maven Artifact Resolver SPI' groupId='org.apache.maven.resolver' artifactId='maven-resolver-spi' version='1.1.1' url='https://maven.apache.org/resolver/maven-resolver-spi/'><l:description>The service provider interface for repository system implementations and repository connectors.</l:description><l:license name='Apache License, Version 2.0' url='https://www.apache.org/licenses/LICENSE-2.0.txt'/></l:dependency><l:dependency name='Maven Settings Builder' groupId='org.apache.maven' artifactId='maven-settings-builder' version='3.5.4' url='https://maven.apache.org/ref/3.5.4/maven-settings-builder/'><l:description>The effective settings builder, with inheritance and password decryption.</l:description><l:license name='Apache License, Version 2.0' url='https://www.apache.org/licenses/LICENSE-2.0.txt'/></l:dependency><l:dependency name='an implementation of USocketFactory using JNA' groupId='com.jcraft' artifactId='jsch.agentproxy.usocket-jna' version='0.0.9' url='http://www.jcraft.com/jsch-agent-proxy/jsch.agentproxy.usocket-jna/'><l:description>a proxy to ssh-agent and Pageant in Java</l:description><l:license name='Revised BSD' url='http://www.jcraft.com/jsch-agent-proxy/LICENSE.txt'/></l:dependency><l:dependency name='Doxia :: Sink API' groupId='org.apache.maven.doxia' artifactId='doxia-sink-api' version='1.0' url='http://maven.apache.org/doxia/doxia/doxia-sink-api'><l:description>Doxia Sink API.</l:description><l:license name='The Apache Software License, Version 2.0' url='http://www.apache.org/licenses/LICENSE-2.0.txt'/></l:dependency><l:dependency name='Maven Settings' groupId='org.apache.maven' artifactId='maven-settings' version='3.5.4' url='https://maven.apache.org/ref/3.5.4/maven-settings/'><l:description>Maven Settings model.</l:description><l:license name='Apache License, Version 2.0' url='https://www.apache.org/licenses/LICENSE-2.0.txt'/></l:dependency><l:dependency name='a connector for ssh-agent' groupId='com.jcraft' artifactId='jsch.agentproxy.sshagent' version='0.0.9' url='http://www.jcraft.com/jsch-agent-proxy/jsch.agentproxy.sshagent/'><l:description>a proxy to ssh-agent and Pageant in Java</l:description><l:license name='Revised BSD' url='http://www.jcraft.com/jsch-agent-proxy/LICENSE.txt'/></l:dependency></l:dependencies>