<?xml version="1.0" encoding="UTF-8"?>
<l:dependencies xmlns:l='licenses' groupId='io.jenkins.blueocean' artifactId='blueocean-rest-impl' version='1.24.1'><l:dependency name='REST Implementation for Blue Ocean' groupId='io.jenkins.blueocean' artifactId='blueocean-rest-impl' version='1.24.1' url='https://github.com/jenkinsci/blueocean-plugin/blob/master/blueocean/doc/BlueOcean.adoc'><l:description>The Jenkins Plugins Parent POM Project</l:description><l:license name='MIT License' url='https://opensource.org/licenses/MIT'/></l:dependency><l:dependency name='Groovy Sandbox' groupId='org.kohsuke' artifactId='groovy-sandbox' version='1.26' url='http://kohsuke.org/groovy-sandbox/'><l:description>Executes untrusted Groovy script safely</l:description><l:license name='MIT license' url='http://www.opensource.org/licenses/mit-license.php'/></l:dependency><l:dependency name='SnakeYAML' groupId='org.yaml' artifactId='snakeyaml' version='1.10' url='http://www.snakeyaml.org'><l:description>YAML 1.1 parser and emitter for Java</l:description><l:license name='Apache License Version 2.0' url='LICENSE.txt'/></l:dependency><l:dependency name='Keen IO API in Java' groupId='io.keen' artifactId='keen-client-api-java' version='5.2.0' url='www.keen.io'><l:description>Java Client API for Keen IO</l:description><l:license name='The Apache Software License, Version 2.0' url='http://www.apache.org/licenses/LICENSE-2.0.txt'/></l:dependency><l:dependency name='Checker Qual' groupId='org.checkerframework' artifactId='checker-qual' version='3.3.0' url='https://checkerframework.org'><l:description>Checker Qual is the set of annotations (qualifiers) and supporting classes
        used by the Checker Framework to type check Java source code.

        Please
        see artifact:
        org.checkerframework:checker</l:description><l:license name='The MIT License' url='http://opensource.org/licenses/MIT'/></l:dependency><l:dependency name='Keen IO Java Core Library' groupId='io.keen' artifactId='keen-client-java-core' version='5.2.0' url='www.keen.io'><l:description>Java Client Core Library for Keen IO</l:description><l:license name='The Apache Software License, Version 2.0' url='http://www.apache.org/licenses/LICENSE-2.0.txt'/></l:dependency><l:dependency name='error-prone annotations' groupId='com.google.errorprone' artifactId='error_prone_annotations' version='2.3.4' url='http://nexus.sonatype.org/oss-repository-hosting.html/error_prone_parent/error_prone_annotations'><l:description>Sonatype helps open source projects to set up Maven repositories on https://oss.sonatype.org/</l:description><l:license name='Apache 2.0' url='http://www.apache.org/licenses/LICENSE-2.0.txt'/></l:dependency><l:dependency name='Script Security Plugin' groupId='org.jenkins-ci.plugins' artifactId='script-security' version='1.73' url='https://github.com/jenkinsci/script-security-plugin'><l:description>Allows Jenkins administrators to control what in-process scripts can be run by less-privileged users.</l:description><l:license name='MIT License' url='https://opensource.org/licenses/MIT'/></l:dependency><l:dependency name='ua-parser' groupId='ua_parser' artifactId='ua-parser' version='1.3.0' url='https://github.com/tobie/ua-parser/'><l:description/></l:dependency><l:dependency name='Caffeine cache' groupId='com.github.ben-manes.caffeine' artifactId='caffeine' version='2.8.2' url='https://github.com/ben-manes/caffeine'><l:description>A high performance caching library</l:description><l:license name='Apache License, Version 2.0' url='https://www.apache.org/licenses/LICENSE-2.0.txt'/></l:dependency><l:dependency name='oro' groupId='oro' artifactId='oro' version='2.0.8' url=''><l:description/></l:dependency></l:dependencies>