<?xml version="1.0" encoding="UTF-8"?>
<l:dependencies xmlns:l='licenses' groupId='org.jenkins-ci.plugins' artifactId='git' version='4.4.4'><l:dependency name='Jenkins Git plugin' groupId='org.jenkins-ci.plugins' artifactId='git' version='4.4.4' url='https://github.com/jenkinsci/git-plugin/blob/master/README.adoc'><l:description>Integrates Jenkins with Git SCM</l:description><l:license name='The MIT License (MIT)' url='https://opensource.org/licenses/MIT'/></l:dependency><l:dependency name='Apache Commons Validator' groupId='commons-validator' artifactId='commons-validator' version='1.7' url='http://commons.apache.org/proper/commons-validator/'><l:description>Apache Commons Validator provides the building blocks for both client side validation and server side data validation.
    It may be used standalone or with a framework like Struts.</l:description><l:license name='Apache License, Version 2.0' url='https://www.apache.org/licenses/LICENSE-2.0.txt'/></l:dependency></l:dependencies>