<?xml version="1.0" encoding="UTF-8"?>
<l:dependencies xmlns:l='licenses' groupId='io.jenkins.plugins' artifactId='font-awesome-api' version='5.14.0-1'><l:dependency name='Font Awesome API Plugin' groupId='io.jenkins.plugins' artifactId='font-awesome-api' version='5.14.0-1' url='https://github.com/jenkinsci/font-awesome-api-plugin'><l:description>Provides the free fonts of Font Awesome for Jenkins plugins.</l:description><l:license name='MIT license' url=''/></l:dependency><l:dependency name='j2html' groupId='com.j2html' artifactId='j2html' version='1.4.0' url='http://j2html.com'><l:description>Java to HTML builder with a fluent API</l:description><l:license name='The Apache Software License, Version 2.0' url='http://www.apache.org/licenses/LICENSE-2.0.txt'/></l:dependency><l:dependency name='FindBugs-jsr305' groupId='com.google.code.findbugs' artifactId='jsr305' version='3.0.2' url='http://findbugs.sourceforge.net/'><l:description>JSR305 Annotations for Findbugs</l:description><l:license name='The Apache Software License, Version 2.0' url='http://www.apache.org/licenses/LICENSE-2.0.txt'/></l:dependency><l:dependency name='SpotBugs Annotations' groupId='com.github.spotbugs' artifactId='spotbugs-annotations' version='4.0.2' url='https://spotbugs.github.io/'><l:description>Annotations the SpotBugs tool supports</l:description><l:license name='GNU LESSER GENERAL PUBLIC LICENSE, Version 2.1' url='https://www.gnu.org/licenses/old-licenses/lgpl-2.1.en.html'/></l:dependency><l:dependency name='error-prone annotations' groupId='com.google.errorprone' artifactId='error_prone_annotations' version='2.3.4' url='http://nexus.sonatype.org/oss-repository-hosting.html/error_prone_parent/error_prone_annotations'><l:description>Sonatype helps open source projects to set up Maven repositories on https://oss.sonatype.org/</l:description><l:license name='Apache 2.0' url='http://www.apache.org/licenses/LICENSE-2.0.txt'/></l:dependency></l:dependencies>