<?xml version="1.0" encoding="UTF-8"?>
<l:dependencies xmlns:l='licenses' groupId='org.jenkins-ci.plugins' artifactId='jackson2-api' version='2.11.3'><l:dependency name='Jackson 2 API Plugin' groupId='org.jenkins-ci.plugins' artifactId='jackson2-api' version='2.11.3' url='https://github.com/jenkinsci/jackson2-api-plugin'><l:description>This plugin exposes the Jackson 2 JSON APIs to other Jenkins plugins.</l:description><l:license name='The Apache Software License, Version 2.0' url='https://www.apache.org/licenses/LICENSE-2.0.txt'/></l:dependency><l:dependency name='Jackson-core' groupId='com.fasterxml.jackson.core' artifactId='jackson-core' version='2.11.3' url='https://github.com/FasterXML/jackson-core'><l:description>Core Jackson processing abstractions (aka Streaming API), implementation for JSON</l:description><l:license name='The Apache Software License, Version 2.0' url='http://www.apache.org/licenses/LICENSE-2.0.txt'/></l:dependency><l:dependency name='Jackson datatype: JSR310' groupId='com.fasterxml.jackson.datatype' artifactId='jackson-datatype-jsr310' version='2.11.3' url='https://github.com/FasterXML/jackson-modules-java8/jackson-datatype-jsr310'><l:description>Add-on module to support JSR-310 (Java 8 Date &amp; Time API) data types.</l:description><l:license name='The Apache Software License, Version 2.0' url='http://www.apache.org/licenses/LICENSE-2.0.txt'/></l:dependency><l:dependency name='Jackson-annotations' groupId='com.fasterxml.jackson.core' artifactId='jackson-annotations' version='2.11.3' url='http://github.com/FasterXML/jackson'><l:description>Core annotations used for value types, used by Jackson data binding package.</l:description><l:license name='The Apache Software License, Version 2.0' url='http://www.apache.org/licenses/LICENSE-2.0.txt'/></l:dependency><l:dependency name='Jackson datatype: jdk8' groupId='com.fasterxml.jackson.datatype' artifactId='jackson-datatype-jdk8' version='2.11.3' url='https://github.com/FasterXML/jackson-modules-java8/jackson-datatype-jdk8'><l:description>Add-on module for Jackson (http://jackson.codehaus.org) to support
JDK 8 data types.</l:description><l:license name='The Apache Software License, Version 2.0' url='http://www.apache.org/licenses/LICENSE-2.0.txt'/></l:dependency><l:dependency name='Jackson-dataformat-YAML' groupId='com.fasterxml.jackson.dataformat' artifactId='jackson-dataformat-yaml' version='2.11.3' url='https://github.com/FasterXML/jackson-dataformats-text'><l:description>Support for reading and writing YAML-encoded data via Jackson abstractions.</l:description><l:license name='The Apache Software License, Version 2.0' url='http://www.apache.org/licenses/LICENSE-2.0.txt'/></l:dependency><l:dependency name='JavaBeans Activation Framework API jar' groupId='jakarta.activation' artifactId='jakarta.activation-api' version='1.2.1' url='https://github.com/eclipse-ee4j/jaf/jakarta.activation-api'><l:description>JavaBeans Activation Framework API jar</l:description><l:license name='EDL 1.0' url='http://www.eclipse.org/org/documents/edl-v10.php'/></l:dependency><l:dependency name='Jackson-module-parameter-names' groupId='com.fasterxml.jackson.module' artifactId='jackson-module-parameter-names' version='2.11.3' url='https://github.com/FasterXML/jackson-modules-java8/jackson-module-parameter-names'><l:description>Add-on module for Jackson (http://jackson.codehaus.org) to support
introspection of method/constructor parameter names, without having to add explicit property name annotation.</l:description><l:license name='The Apache Software License, Version 2.0' url='http://www.apache.org/licenses/LICENSE-2.0.txt'/></l:dependency><l:dependency name='Jackson datatype: org.json' groupId='com.fasterxml.jackson.datatype' artifactId='jackson-datatype-json-org' version='2.11.3' url='http://github.com/FasterXML/jackson-datatypes-misc'><l:description>Support for datatypes of "org.json" JSON library (see http://json.org/java),
mainly to make it easier to upgrade code to Jackson, using automated conversions.</l:description><l:license name='The Apache Software License, Version 2.0' url='http://www.apache.org/licenses/LICENSE-2.0.txt'/></l:dependency><l:dependency name='jackson-databind' groupId='com.fasterxml.jackson.core' artifactId='jackson-databind' version='2.11.3' url='http://github.com/FasterXML/jackson'><l:description>General data-binding functionality for Jackson: works on core streaming API</l:description><l:license name='The Apache Software License, Version 2.0' url='http://www.apache.org/licenses/LICENSE-2.0.txt'/></l:dependency><l:dependency name='JSON in Java' groupId='org.json' artifactId='json' version='20190722' url='https://github.com/douglascrockford/JSON-java'><l:description>JSON is a light-weight, language independent, data interchange format.
		See http://www.JSON.org/

		The files in this package implement JSON encoders/decoders in Java.
		It also includes the capability to convert between JSON and XML, HTTP
		headers, Cookies, and CDL.

		This is a reference implementation. There is a large number of JSON packages
		in Java. Perhaps someday the Java community will standardize on one. Until
		then, choose carefully.

		The license includes this restriction: "The software shall be used for good,
		not evil." If your conscience cannot live with that, then choose a different
		package.</l:description><l:license name='The JSON License' url='http://json.org/license.html'/></l:dependency><l:dependency name='jakarta.xml.bind-api' groupId='jakarta.xml.bind' artifactId='jakarta.xml.bind-api' version='2.3.2' url='https://github.com/eclipse-ee4j/jaxb-api/jakarta.xml.bind-api'><l:description>JAXB (JSR 222) API</l:description><l:license name='Eclipse Distribution License - v 1.0' url='http://www.eclipse.org/org/documents/edl-v10.php'/></l:dependency><l:dependency name='Jackson module: JAXB Annotations' groupId='com.fasterxml.jackson.module' artifactId='jackson-module-jaxb-annotations' version='2.11.3' url='https://github.com/FasterXML/jackson-modules-base'><l:description>Support for using JAXB annotations as an alternative to "native" Jackson annotations, for configuring
data-binding.</l:description><l:license name='The Apache Software License, Version 2.0' url='http://www.apache.org/licenses/LICENSE-2.0.txt'/></l:dependency></l:dependencies>