<?xml version="1.0" encoding="UTF-8"?>
<l:dependencies xmlns:l='licenses' groupId='org.jenkins-ci.plugins' artifactId='javadoc' version='1.6'><l:dependency name='Javadoc Plugin' groupId='org.jenkins-ci.plugins' artifactId='javadoc' version='1.6' url='https://github.com/jenkinsci/javadoc-plugin'><l:description>The Jenkins Plugins Parent POM Project</l:description><l:license name='The MIT license' url='https://opensource.org/licenses/MIT'/></l:dependency><l:dependency name='Symbol annotation' groupId='org.jenkins-ci' artifactId='symbol-annotation' version='1.17' url=''><l:description>The Jenkins Plugins Parent POM Project</l:description><l:license name='MIT License' url='https://opensource.org/licenses/MIT'/></l:dependency></l:dependencies>